source_file,location,category,content,adoption
26.1.2反比例函数的图像与性质(2).docx,table:1:row:7,例题,教学 手段 ｜ 多媒体课件（用于呈现例题、练习题及几何图） 实物投影仪,学习环节组织；不复制原文缺陷
26.1.2反比例函数的图像与性质(2).docx,table:1:row:9,学生活动,教师教学活动设计 ｜ 学生活动 ｜ 估时,学习环节组织；不复制原文缺陷
26.1.2反比例函数的图像与性质(2).docx,table:1:row:10,教学过程,"教学过程 ｜ （一）复习引入 1.点在反比例函数图象上，则= . 2.反比例函数的图像在第一、三象限，则点()在第__四___象限． 3.如图，△ABC的三个顶点分别为(1，2)，(4，2)，(4，4).若反比例函数在第一象限内的图象与△ABC有交点，则的取值范围是_____ 设计意图：通过复习旧知，激活学生已有的知识储备，降低新知识的学习难度。 （二）主动参与、感悟新知 例1 已知反比例函数的图象经过点 A（2，6）． （1）这个函数的图象位于哪些象限？y 随 x 的增大如何变化？ （2）点 B（3，4），C（，），D（2，5）是否在这个函数的图象上？ 练习： 1.已知一个反比例函数的图象经过点A（3， – 4）. （1）这个函数的图象位于哪些象限？在图象的每一支上，y随x的增大如何变化？ （2）点B（ – 3，4），C（ – 2，6），D（3，4）是否在这个函数的图象上？为什么？ 归纳： （1）反比例函数的图象上一点的坐标 判断其图象所在的象限 根据图象说性质. （2）若点（a，b）满足解析式（即ab = k），则点（a，b）在此函数的图象上. 例2 如下图，它是反比例函数图象的一支，根据图象，回答下列问题： （1）图象的另一支位于哪个象限？常数 m 的取值范围是什么？ （2）在这个函数图象的某一支上任取点 A（x1，y1）和点B（x2，y2），如果 x1＞x2，那么 y1 和 y2 有怎样的关系？ 解：（1）反比例函数的图象只有两种可能：位于第一、第三象限，或者位于第二、第四象限.因为这个函数的图象的一支位于第一象限，所以另一支必位于第三象限. 因为这个函数的图象位于第一、第三象限，所以 m–5 ＞0 解得m＞5. （2）因为m – 5 ＞ 0，所以在这个函数图象的任一支上，y都随x的增大而减小，因此当x1 ＞ x2时，y1 ＜ y2. 探究：求图中矩形的面积 归纳总结：过反比例函数图象上任意一点P分别作轴、轴的垂线，垂足分别为，它们与坐标轴形成的矩形面积是不变的。 结论： （三）课堂总结 1、本节课研究了什么问题？ 2、本节课经历了怎样的研究过程？用到了哪些数学思想？ 3、对今后数学研究的启发？你还有哪些疑惑呢？ 【设计意图】梳理知识脉络，提炼核心方法，帮助学生形成系统的认知，同时加深对代数式价值的理解。 （四）布置作业、巩固提高 1.如图，反比例函数的图象经过点，那么矩形的面积为 6 ； 2.如图，点P是双曲线上的一个动点，过点P作轴于点A，当点P从左向右移动时，的面积___4____ 3.如图，A、B是双曲线上的点，分别过A、B两点作轴、轴的垂线段． ， ， 分别表示图中三个矩形的面积，若，且，则值为__3.5_____ 4.如图所示，直线与双曲线交于A,B两点,P是AB上的点,△AOC的面积、△BOD的面积、 △POE的面积的大小关系为 . 课堂小结 教学反思：",学习环节组织；不复制原文缺陷
26.2.1反比例函数的实际应用（1）.docx,table:1:row:7,例题,教学 手段 ｜ 多媒体课件（用于呈现例题、练习题及几何图） 实物投影仪,学习环节组织；不复制原文缺陷
26.2.1反比例函数的实际应用（1）.docx,table:1:row:9,学生活动,教师教学活动设计 ｜ 学生活动 ｜ 估时,学习环节组织；不复制原文缺陷
26.2.1反比例函数的实际应用（1）.docx,table:1:row:10,教学过程,教学过程 ｜ 一、复习引入 l. (1反比例函数(k为常数，k≠0)的图象是双曲线; (2)当k>0，双曲线的两支分别位于第一、三象限，在每个象限内，y值随x值的增大而减小; (3)当k<0)，双曲线的两支分别位于第二，四象限，在每个象限内，y值随x值的增大而增大； 2.地下室的体积V一定，那么底面积S和深度h的关系是反比例函数﹔表达式是 3．运货物的路程s一定，那么运货物的速度v和时间1是反比例函数﹔表达式是 二、探究新知 例1 市煤气公司要在地下修建一个容积为104 m3的圆柱形煤气储存室。 储存室的底面积 S (单位：m2) 与其深度 d (单位：m)有怎样的函数关系? 公司决定把储存室的底面积 S 定为 500 m2，施工队施工时应该向下掘进多深? 当施工队按 (2) 中的计划掘进到地下 15 m 时，公司临时改变计划，把储存室的深度改为 15 m。 相应地，储存室的底面积应改为多少 (结果保留小数点后两位)? 练习： 如图，某玻璃器皿制造公司要制造一种容积为1升(1升＝1立方分米)的圆锥形漏斗。 (1) 漏斗口的面积 S (单位：dm2)与漏斗的深 d (单位：dm) 有怎样的函数关系? (2) 如果漏斗的深为10 cm，那么漏斗口的面积为多少 dm2？ (3)如果漏斗口的面积为 60 cm2，则漏斗的深为多少? 例2 码头工人每天往一艘轮船上装载30吨货物，装载完毕恰好用了8天时间。 (1) 轮船到达目的地后开始卸货，平均卸货速度v (单位：吨/天)与卸货天数 t 之间有怎样的函数关系? (2) 由于遇到紧急情况，要求船上的货物不超过 5天卸载完毕，那么平均每天至少要卸载多少吨? 练习：某乡镇要在生活垃圾存放区建一个老年活动中心，这样必须把 1200 立方米的生活垃圾运走。 (1) 假如每天能运 x 立方米，所需时间为 y 天，写出 y与 x 之间的函数关系式； (2) 若每辆拖拉机一天能运 12 立方米，则 5 辆这样的拖拉机要用多少天才能运完？ 三、课堂小结 解决实际问题问题的一般步骤是？ 四、当堂检测 王强家离工作单位的距离为3600 米，他每天骑自行车上班时的速度为 v 米/分，所需时间为 t 分钟． (1) 速度 v 与时间 t 之间有怎样的函数关系？ (2) 若王强到单位用 15 分钟，那么他骑车的平均速度是多少？ (3) 如果王强骑车的速度最快为 300 米/分，那他至少需要几分钟到达单位? 课堂反思：,学习环节组织；不复制原文缺陷
26.2.1反比例函数的实际应用（2）.docx,table:1:row:7,例题,教学 手段 ｜ 多媒体课件（用于呈现例题、练习题及几何图） 实物投影仪,学习环节组织；不复制原文缺陷
26.2.1反比例函数的实际应用（2）.docx,table:1:row:9,学生活动,教师教学活动设计 ｜ 学生活动 ｜ 估时,学习环节组织；不复制原文缺陷
26.2.1反比例函数的实际应用（2）.docx,table:1:row:10,教学过程,教学过程 ｜ 情景引入 公元前 3 世纪，有一位科学家说了这样一句名言：“给我一个支点，我可以撬动地球！”你们知道这位科学家是谁吗？这里蕴含什么样的原理呢？若杠杆上的两物体与支点的距离与其重量成反比，则杠杆平衡。 后来人们把它归纳为“杠杆原理”。通俗地说，杠杆原理为： 二、探究新知 例1 小伟欲用撬棍撬动一块大石头，已知阻力和阻力臂分别为 1 200 N 和 0.5 m。 （1）动力 F 与动力臂 l 有怎样的函数关系？当动力臂为 1.5 m 时，撬动石头至少需要多大的力？ （2）若想使动力 F 不超过题（1）中所用力的一半，则动力臂 l 至少要加长多少？ 练习： 现在要求取消市场上使用杆秤的呼声越来越高。原因在于，一些不法商贩在卖货时将秤砣挖空或更换较小秤砣，使秤砣变轻，从而欺骗顾客。 a.如图1，2所示，对于同一物体，哪个用了较轻的秤砣？ b.在称同一物体时，秤砣到支点的距离 y 与所用秤砣质量 x 之间满足__________关系； c.当秤砣变轻时，称得的物体变重，这正好符合哪个函数的哪些性质？ 思考：电学知识告诉我们，用电器的功率 P（单位：W）、两端的电压 U（单位：V）以及用电器的电阻 R（单位： Ω ）有如下关系 PR=U 2。这个关系也可写为 P= ，或 R= 。 例2：一个用电器的电阻是可调节的，其范围为 110～220 Ω。已知电压为 220 V，这个用电器的电路图如图所示。 （1）功率 P 与电阻 R 有怎样的函数关系？ （2）这个用电器功率的范围多少？ 练习：在某一电路中，电源电压 U 保持不变，电流 I（A）与电阻 R（Ω）之间的函数关系如图所示。 （1）写出 I 与 R 之间的函数解析式； （2）结合图象回答当电路中的电流不超过 12 A 时，电路中电阻 R 的取值范围是多少Ω？ 三、课堂小结 四、当堂检测 某闭合电路中，电源电压为定值，电流 I (A)与电阻 R (Ω)成反比例．如图表示的是该电路中电流 I 与电阻 R 之间的函数关系图象， 则用电阻 R 表示电流 I 的函数解析式为？ 当电阻R=6时，电流I的值为？,学习环节组织；不复制原文缺陷
